State,Postcode,No_Individuals,Total_Taxable_$,Total_Donation_$,Area
VIC,3000,24559,1464326212,22238345,Metro
VIC,3001,240,47123000,448199,Metro
VIC,3002,3709,687786435,10504914,Metro
VIC,3003,4520,277885391,843049,Metro
VIC,3004,8178,976363798,8405898,Metro
VIC,3006,13887,956190677,3830831,Metro
VIC,3008,10062,669936008,1668888,Metro
VIC,3010,54,5878276,9327,Metro
VIC,3011,14557,824977977,1976155,Metro
VIC,3012,16466,947361711,1899556,Metro
VIC,3013,9623,733045607,1833501,Metro
VIC,3015,11189,852535531,1717813,Metro
VIC,3016,10120,887402821,2630321,Metro
VIC,3018,8001,533119732,1021965,Metro
VIC,3019,4705,207298806,377164,Metro
VIC,3020,23863,1076365564,2368898,Metro
VIC,3021,26851,1133750778,2469521,Metro
VIC,3022,1972,96507382,190249,Metro
VIC,3023,34441,1846974309,3913820,Metro
VIC,3024,14339,762442629,1929167,Metro
VIC,3025,6341,376933746,728551,Metro
VIC,3026,543,34422834,39315,Metro
VIC,3027,5056,295297879,568527,Metro
VIC,3028,16906,895714389,1693888,Metro
VIC,3029,59381,2983769054,6720867,Metro
VIC,3030,63270,3665382383,7880282,Metro
VIC,3031,11724,803446155,2311934,Metro
VIC,3032,19428,1299121478,3516835,Metro
VIC,3033,8382,516549010,843057,Metro
VIC,3034,6596,390594197,865379,Metro
VIC,3036,3961,270551765,585265,Metro
VIC,3037,28861,1568610451,2864889,Metro
VIC,3038,17028,953908052,1682040,Metro
VIC,3039,9630,745165595,2226825,Metro
VIC,3040,17846,1401032124,3516440,Metro
VIC,3041,8177,589820316,1351450,Metro
VIC,3042,9844,606425176,1173283,Metro
VIC,3043,10178,546843949,1167311,Metro
VIC,3044,16728,1057530281,3527703,Metro
VIC,3046,20288,1049753373,1987634,Metro
VIC,3047,8665,338916932,994418,Metro
VIC,3048,7121,287009638,846861,Metro
VIC,3049,5663,313741428,586293,Metro
VIC,3051,8811,540399366,2116739,Metro
VIC,3052,3806,241373558,1642866,Metro
VIC,3053,8386,484461632,2988524,Metro
VIC,3054,6046,487699531,16912549,Metro
VIC,3055,9452,580341669,2189146,Metro
VIC,3056,17759,1120459566,3657902,Metro
VIC,3057,8816,565977755,3292969,Metro
VIC,3058,21729,1288871535,3231163,Metro
VIC,3059,10852,650809342,1335072,Metro
VIC,3060,7034,328966577,810637,Metro
VIC,3061,2293,99909078,196377,Metro
VIC,3062,126,10118047,53875,Metro
VIC,3063,373,21344630,56056,Metro
VIC,3064,44238,2165342351,5345772,Metro
VIC,3065,7070,566294013,3735478,Metro
VIC,3066,6031,422050952,1216243,Metro
VIC,3067,6411,459325631,1417763,Metro
VIC,3068,12829,1097171789,6968140,Metro
VIC,3070,16541,1229863734,4969678,Metro
VIC,3071,12007,773950005,3023317,Metro
VIC,3072,20432,1172013626,2568376,Metro
VIC,3073,28047,1424467590,2591807,Metro
VIC,3074,10296,462882487,814237,Metro
VIC,3075,11211,524599022,900631,Metro
VIC,3076,18112,891676592,1906292,Metro
VIC,3078,7582,600569467,2998427,Metro
VIC,3079,11272,1009178494,5647644,Metro
VIC,3081,7517,389252978,945481,Metro
VIC,3082,17721,913483025,1810285,Metro
VIC,3083,18297,918597648,1742106,Metro
VIC,3084,16607,1193496205,3563484,Metro
VIC,3085,8360,531773592,1622623,Metro
VIC,3086,69,5309270,21478,Metro
VIC,3087,5300,308177718,594192,Metro
VIC,3088,16976,1024914384,2537765,Metro
VIC,3089,7851,532681488,877546,Metro
VIC,3090,1688,155354898,222893,Metro
VIC,3091,1119,90483011,157160,Metro
VIC,3093,2496,213248101,737364,Metro
VIC,3094,5596,349073314,924103,Metro
VIC,3095,18544,1310055225,3575352,Metro
VIC,3096,1221,73475793,125543,Metro
VIC,3097,978,73934490,134826,Regional
VIC,3099,3098,191916920,352812,Regional
VIC,3101,16975,1772175594,14266298,Metro
VIC,3102,4360,362888801,4391383,Metro
VIC,3103,10521,906051794,4869210,Metro
VIC,3104,13541,1089162422,6713333,Metro
VIC,3105,6762,419736817,888185,Metro
VIC,3106,10856,825386772,2038075,Metro
VIC,3107,8145,490252872,1374398,Metro
VIC,3108,13995,799348462,2399760,Metro
VIC,3109,17771,983885730,2504089,Metro
VIC,3111,7878,560203682,2235575,Metro
VIC,3113,5567,423758962,1578329,Metro
VIC,3114,2554,231377668,941017,Metro
VIC,3115,2754,223956219,643164,Metro
VIC,3116,6780,396398716,742449,Metro
VIC,3121,22349,1827002331,7314856,Metro
VIC,3122,16695,1774186385,32669179,Metro
VIC,3123,9861,957584374,4772985,Metro
VIC,3124,15209,1428006219,24403614,Metro
VIC,3125,8560,463893133,1690581,Metro
VIC,3126,5591,715563612,8048476,Metro
VIC,3127,12766,1168494400,7219591,Metro
VIC,3128,12570,651097626,1873139,Metro
VIC,3129,10468,636794522,2123777,Metro
VIC,3130,19986,1269998832,7297336,Metro
VIC,3131,13546,760655083,2668053,Metro
VIC,3132,10448,644405062,3016878,Metro
VIC,3133,13923,791568601,2925194,Metro
VIC,3134,20874,1278316694,3419119,Metro
VIC,3135,11993,700049477,2380412,Metro
VIC,3136,27129,1536635324,3774782,Metro
VIC,3137,8361,454234726,936656,Metro
VIC,3138,13469,739017608,1573982,Metro
VIC,3139,8751,468830734,975656,Regional
VIC,3140,10403,583314278,1143392,Metro
VIC,3141,18844,2002311005,36630249,Metro
VIC,3142,10219,2011266386,116464665,Metro
VIC,3143,6901,736857700,5003333,Metro
VIC,3144,8066,1038256250,10436031,Metro
VIC,3145,14631,1375739369,6768599,Metro
VIC,3146,17050,1644176075,7102824,Metro
VIC,3147,9068,696111013,2560186,Metro
VIC,3148,5774,326940680,703964,Metro
VIC,3149,21875,1325477613,4643010,Metro
VIC,3150,38047,2222362268,7151449,Metro
VIC,3151,6267,318659026,1257748,Metro
VIC,3152,21450,1184434605,3818914,Metro
VIC,3153,12341,644578007,1353395,Metro
VIC,3154,2698,150968792,311352,Metro
VIC,3155,13550,700616481,1694533,Metro
VIC,3156,23589,1364885640,3283665,Metro
VIC,3158,4364,248638004,627619,Metro
VIC,3159,1609,96470061,225193,Metro
VIC,3160,5681,339639478,792650,Metro
VIC,3161,10955,1072581102,14264574,Metro
VIC,3162,12016,1004354070,6354753,Metro
VIC,3163,21065,1345778298,3338103,Metro
VIC,3164,84,6231283,7376,Metro
VIC,3165,16873,1095837743,2017930,Metro
VIC,3166,14527,867044183,1948321,Metro
VIC,3167,5714,317410592,607585,Metro
VIC,3168,10331,439531818,852742,Metro
VIC,3169,11415,534525848,959207,Metro
VIC,3170,11339,629433966,1581796,Metro
VIC,3171,11810,480985866,924339,Metro
VIC,3172,13251,656742769,1243485,Metro
VIC,3173,15970,842008065,1418163,Metro
VIC,3174,20905,890552655,1800182,Metro
VIC,3175,27920,1242392809,2734769,Metro
VIC,3177,5412,222015791,474541,Metro
VIC,3178,21681,1251150605,2780330,Metro
VIC,3179,3710,200140737,518491,Metro
VIC,3180,4589,241719940,541904,Metro
VIC,3181,14875,1195347830,3280381,Metro
VIC,3182,17848,1337950335,10665593,Metro
VIC,3183,12871,900205324,6160108,Metro
VIC,3184,11059,976681763,7509014,Metro
VIC,3185,8976,828402061,16799504,Metro
VIC,3186,16921,2326386938,15746740,Metro
VIC,3187,10286,1071746576,3355878,Metro
VIC,3188,11302,1107678039,3338091,Metro
VIC,3189,3969,243147795,850299,Metro
VIC,3190,7023,480866611,890682,Metro
VIC,3191,6856,662734810,9231375,Metro
VIC,3192,14321,908868276,6967889,Metro
VIC,3193,13483,1240760684,5542868,Metro
VIC,3194,8916,586457689,1258606,Metro
VIC,3195,22563,1545456897,3295298,Metro
VIC,3196,15569,958047577,1689450,Metro
VIC,3197,7416,491187110,853553,Metro
VIC,3198,9750,523624551,1034910,Metro
VIC,3199,31566,1713428263,3721854,Metro
VIC,3200,2387,101485316,198266,Metro
VIC,3201,12340,635296187,1163603,Metro
VIC,3202,1678,107795198,212144,Metro
VIC,3204,19883,1384030067,2925091,Metro
VIC,3205,8033,714889180,5013208,Metro
VIC,3206,7137,1018466348,23355749,Metro
VIC,3207,11629,1187710624,5403936,Metro
VIC,3211,783,51949452,62427,Regional
VIC,3212,9787,575662445,1099903,Regional
VIC,3213,1908,115347427,191161,Regional
VIC,3214,10125,439733037,823356,Regional
VIC,3215,11942,651593550,1572508,Regional
VIC,3216,34817,1918467195,4956953,Regional
VIC,3217,6373,369436065,684101,Regional
VIC,3218,8411,617318887,1466066,Regional
VIC,3219,10931,536036670,1265347,Regional
VIC,3220,11194,869233439,13945640,Regional
VIC,3221,1977,141237260,493054,Regional
VIC,3222,8975,478964853,951768,Regional
VIC,3223,4200,215439704,639972,Regional
VIC,3224,8302,425743522,951694,Regional
VIC,3225,2884,174135309,3692197,Regional
VIC,3226,9443,551015346,1311992,Regional
VIC,3227,3209,227049533,697845,Regional
VIC,3228,12606,824937805,1680307,Regional
VIC,3230,1742,92414751,517614,Regional
VIC,3231,860,49305284,199634,Regional
VIC,3232,781,48249726,130872,Regional
VIC,3233,1366,59361931,503643,Regional
VIC,3234,110,7457727,38849,Regional
VIC,3235,256,10938673,34417,Regional
VIC,3236,163,6642796,25844,Regional
VIC,3237,124,3601817,4588,Regional
VIC,3238,168,6573406,26419,Regional
VIC,3239,255,10492549,15535,Regional
VIC,3240,1321,78046042,157782,Regional
VIC,3241,1607,79888418,150047,Regional
VIC,3242,614,27360202,57118,Regional
VIC,3243,247,10934884,56542,Regional
VIC,3249,2223,96759229,228528,Regional
VIC,3250,7170,343222849,846006,Regional
VIC,3251,339,15439859,32914,Regional
VIC,3254,179,7410978,15991,Regional
VIC,3260,2739,121742031,235550,Regional
VIC,3264,1383,61989633,87766,Regional
VIC,3265,1506,67956282,84531,Regional
VIC,3266,1779,74833626,139606,Regional
VIC,3267,175,5563838,10830,Regional
VIC,3268,1720,71470538,96673,Regional
VIC,3269,460,24862285,23657,Regional
VIC,3270,156,8086844,15226,Regional
VIC,3271,133,4873939,7589,Regional
VIC,3272,804,34457202,70903,Regional
VIC,3273,91,4906686,9750,Regional
VIC,3274,157,7677305,5194,Regional
VIC,3275,272,13122311,16869,Regional
VIC,3276,297,13727448,15659,Regional
VIC,3277,1151,61512857,97726,Regional
VIC,3278,169,7683589,12738,Regional
VIC,3279,199,9701100,17078,Regional
VIC,3280,19411,972034877,1995314,Regional
VIC,3281,1093,56368052,74581,Regional
VIC,3282,1600,77232989,139657,Regional
VIC,3283,742,36985688,50175,Regional
VIC,3284,2095,106271675,298106,Regional
VIC,3285,719,36747252,87770,Regional
VIC,3286,350,16652296,15495,Regional
VIC,3287,269,11053142,11066,Regional
VIC,3289,463,21065456,54501,Regional
VIC,3292,108,4300717,16142,Regional
VIC,3293,197,8496308,12921,Regional
VIC,3294,605,26796540,79683,Regional
VIC,3300,5995,278721217,855358,Regional
VIC,3301,762,35007359,278532,Regional
VIC,3302,247,18281517,16605,Regional
VIC,3303,201,9751040,13907,Regional
VIC,3304,1495,68054974,85751,Regional
VIC,3305,7256,381217086,722527,Regional
VIC,3309,64,2332031,4022,Regional
VIC,3310,142,6455789,12534,Regional
VIC,3311,910,39499631,72550,Regional
VIC,3312,521,24226537,24772,Regional
VIC,3314,359,21669494,28395,Regional
VIC,3315,975,61784162,91330,Regional
VIC,3317,109,5521517,5663,Regional
VIC,3318,734,33085075,44944,Regional
VIC,3319,231,11102260,8411,Regional
VIC,3321,1040,59451840,90607,Regional
VIC,3322,104,4914104,6356,Regional
VIC,3323,76,4085213,1002,Regional
VIC,3324,315,15026249,16045,Regional
VIC,3325,283,11344681,10477,Regional
VIC,3328,1097,59638526,165879,Regional
VIC,3329,159,6133023,19050,Regional
VIC,3330,136,6905780,10338,Regional
VIC,3331,3830,213375961,384145,Regional
VIC,3332,656,34704343,50592,Regional
VIC,3333,502,25972549,131784,Regional
VIC,3334,361,19082414,48791,Regional
VIC,3335,2829,150537115,307213,Metro
VIC,3336,3151,201880027,346528,Metro
VIC,3337,20425,1035534433,2135766,Metro
VIC,3338,13700,702362657,1601254,Metro
VIC,3340,12928,747353476,1422819,Regional
VIC,3341,1001,60286087,127761,Regional
VIC,3342,2049,145130818,254127,Regional
VIC,3345,773,45405782,106420,Regional
VIC,3350,35288,1981251634,6831025,Regional
VIC,3351,4786,236887081,596396,Regional
VIC,3352,9784,542837788,1162592,Regional
VIC,3353,226,11731174,45809,Regional
VIC,3354,215,13604667,21429,Regional
VIC,3355,6134,285543895,599661,Regional
VIC,3356,7781,341526052,560478,Regional
VIC,3357,2330,139437771,328424,Regional
VIC,3358,730,37424734,54140,Regional
VIC,3360,391,17920396,41487,Regional
VIC,3361,341,15374324,14827,Regional
VIC,3363,1849,91954306,158723,Regional
VIC,3364,1194,57167158,184046,Regional
VIC,3370,887,37635471,58523,Regional
VIC,3371,487,19870330,36718,Regional
VIC,3373,1222,53297225,93909,Regional
VIC,3374,192,9022441,12298,Regional
VIC,3375,131,5525041,7015,Regional
VIC,3377,4979,232940330,552044,Regional
VIC,3378,107,4892845,6380,Regional
VIC,3379,391,18739661,34936,Regional
VIC,3380,3492,155925116,292629,Regional
VIC,3381,717,30950966,91192,Regional
VIC,3384,316,11982681,8655,Regional
VIC,3385,283,11570761,33828,Regional
VIC,3387,206,9983508,9763,Regional
VIC,3388,354,18299206,53494,Regional
VIC,3390,525,24326911,68235,Regional
VIC,3391,84,3845900,7835,Regional
VIC,3392,300,13783152,84763,Regional
VIC,3393,1416,71303052,96397,Regional
VIC,3395,256,14267402,13771,Regional
VIC,3396,426,20303269,73663,Regional
VIC,3400,8408,398352747,1109358,Regional
VIC,3401,2723,133741156,262492,Regional
VIC,3402,331,19021113,161672,Regional
VIC,3407,270,13774491,63411,Regional
VIC,3409,607,26915967,64512,Regional
VIC,3412,182,8534759,40718,Regional
VIC,3413,120,5030112,2575,Regional
VIC,3414,889,43080451,51411,Regional
VIC,3418,1667,80830359,186042,Regional
VIC,3419,573,26718123,48680,Regional
VIC,3420,160,8125758,9934,Regional
VIC,3423,185,8699198,13837,Regional
VIC,3424,421,20697371,38415,Regional
VIC,3427,2198,124466631,183834,Metro
VIC,3428,391,30366800,40514,Metro
VIC,3429,22607,1306099572,2568373,Metro
VIC,3430,196,13576696,15186,Regional
VIC,3431,2553,154879826,426295,Regional
VIC,3432,123,7166243,9609,Regional
VIC,3433,133,8000811,21938,Regional
VIC,3434,3221,193880855,365122,Regional
VIC,3435,1694,96647371,256446,Regional
VIC,3437,6771,457374565,1090991,Regional
VIC,3438,1356,95014391,259406,Regional
VIC,3440,1226,99054416,201863,Regional
VIC,3441,903,78717834,749964,Regional
VIC,3442,4639,316732474,1287404,Regional
VIC,3444,5503,303633487,1035612,Regional
VIC,3446,615,33074268,75510,Regional
VIC,3447,294,13779724,28371,Regional
VIC,3448,543,29214675,74671,Regional
VIC,3450,3955,191951174,1133993,Regional
VIC,3451,2712,134165494,4416574,Regional
VIC,3453,1028,53961895,160437,Regional
VIC,3458,1206,64403735,293283,Regional
VIC,3460,1658,80591164,627272,Regional
VIC,3461,2334,111193424,263934,Regional
VIC,3462,668,29807266,66093,Regional
VIC,3463,1318,59650302,134135,Regional
VIC,3464,597,25969388,39716,Regional
VIC,3465,4453,184696063,377004,Regional
VIC,3467,616,26452327,31909,Regional
VIC,3468,151,5944394,11560,Regional
VIC,3469,130,5420662,12014,Regional
VIC,3472,624,23059392,60855,Regional
VIC,3475,163,6064910,4304,Regional
VIC,3477,436,18362685,24872,Regional
VIC,3478,1342,56324299,145349,Regional
VIC,3480,1019,40290323,82573,Regional
VIC,3482,92,3023882,2267,Regional
VIC,3483,537,25619367,63830,Regional
VIC,3485,160,7055125,13548,Regional
VIC,3487,55,2535352,951,Regional
VIC,3488,66,2937255,2570,Regional
VIC,3490,728,31328373,48113,Regional
VIC,3491,74,4660385,1111,Regional
VIC,3494,330,13957967,11392,Regional
VIC,3496,3570,158208023,194120,Regional
VIC,3498,2881,142215938,234649,Regional
VIC,3500,16568,796102888,1338426,Regional
VIC,3501,1991,107269874,146550,Regional
VIC,3502,1206,62432603,193781,Regional
VIC,3505,2622,118872365,143760,Regional
VIC,3507,84,5413250,5940,Regional
VIC,3509,156,7997457,10179,Regional
VIC,3512,211,8690722,12992,Regional
VIC,3515,1209,62298870,98802,Regional
VIC,3516,425,20716338,21717,Regional
VIC,3517,676,28942883,32485,Regional
VIC,3518,603,24264839,34989,Regional
VIC,3521,381,18677950,16305,Regional
VIC,3522,182,8148998,13142,Regional
VIC,3523,1756,79740393,135839,Regional
VIC,3525,745,31367207,51052,Regional
VIC,3527,426,17713925,19404,Regional
VIC,3529,85,4010269,9767,Regional
VIC,3530,78,3635689,4065,Regional
VIC,3531,120,5962891,16090,Regional
VIC,3533,396,18362761,25782,Regional
VIC,3537,613,27551684,46100,Regional
VIC,3540,161,7922012,22587,Regional
VIC,3542,115,4595901,3791,Regional
VIC,3544,145,5855183,5806,Regional
VIC,3546,262,11695932,11048,Regional
VIC,3549,1945,93715507,171463,Regional
VIC,3550,22945,1205056736,4563337,Regional
VIC,3551,18955,1040665474,1842334,Regional
VIC,3552,231,13894325,30002,Regional
VIC,3554,84,4785355,4578,Regional
VIC,3555,10737,503819771,1143305,Regional
VIC,3556,6970,313798128,440136,Regional
VIC,3557,446,22472630,13972,Regional
VIC,3558,491,22655931,24416,Regional
VIC,3559,289,12123198,15903,Regional
VIC,3561,2566,115140233,137528,Regional
VIC,3562,170,7609919,12487,Regional
VIC,3563,449,17333693,32213,Regional
VIC,3564,9731,480954371,1033031,Regional
VIC,3565,52,2079024,2426,Regional
VIC,3566,306,12699494,21917,Regional
VIC,3567,377,15026875,15181,Regional
VIC,3568,1594,77633667,93018,Regional
VIC,3570,411,18324390,62794,Regional
VIC,3571,200,7482762,11575,Regional
VIC,3572,158,8290843,15444,Regional
VIC,3573,184,7551371,7448,Regional
VIC,3575,449,18083922,22512,Regional
VIC,3579,2884,121326317,248328,Regional
VIC,3580,577,21299283,18800,Regional
VIC,3581,109,4148261,3746,Regional
VIC,3583,99,3806986,8781,Regional
VIC,3584,582,23425494,21284,Regional
VIC,3585,6966,345600811,611807,Regional
VIC,3586,258,11856896,14415,Regional
VIC,3588,198,8451151,9655,Regional
VIC,3589,181,9536257,7676,Regional
VIC,3590,181,8259618,11209,Regional
VIC,3591,103,4915991,5197,Regional
VIC,3594,351,14693904,10001,Regional
VIC,3595,302,11791218,15909,Regional
VIC,3596,65,4914426,1388,Regional
VIC,3597,244,16594717,9482,Regional
VIC,3599,79,4107405,7973,Regional
VIC,3607,60,2988083,4609,Regional
VIC,3608,1446,71569096,95800,Regional
VIC,3610,760,33667845,46233,Regional
VIC,3612,843,38113937,56692,Regional
VIC,3614,582,30086440,42366,Regional
VIC,3616,3118,146146591,320664,Regional
VIC,3617,93,3290724,13095,Regional
VIC,3618,371,14500516,18056,Regional
VIC,3619,118,5004633,28125,Regional
VIC,3620,4506,198992876,590093,Regional
VIC,3621,1281,52802447,78178,Regional
VIC,3622,211,8477621,27709,Regional
VIC,3623,510,20953831,20138,Regional
VIC,3624,293,11843812,21532,Regional
VIC,3629,4958,217560744,541904,Regional
VIC,3630,16802,794725181,3089366,Regional
VIC,3631,7380,391818526,777107,Regional
VIC,3632,304,15133294,14549,Regional
VIC,3633,431,19893529,25715,Regional
VIC,3634,1159,49096214,70813,Regional
VIC,3635,300,11600883,21790,Regional
VIC,3636,2943,123991040,230560,Regional
VIC,3637,335,11815264,15310,Regional
VIC,3638,1155,50029822,121433,Regional
VIC,3639,293,11473858,9815,Regional
VIC,3640,628,25453762,25122,Regional
VIC,3641,685,29550455,48795,Regional
VIC,3644,4896,230657136,303487,Regional
VIC,3646,361,16122588,28774,Regional
VIC,3649,266,10194508,8281,Regional
VIC,3658,3504,182542431,936159,Regional
VIC,3659,427,24342475,142656,Regional
VIC,3660,3970,188575983,1296065,Regional
VIC,3661,135,6471573,50152,Regional
VIC,3662,502,30798847,34898,Regional
VIC,3663,107,5627102,10410,Regional
VIC,3664,663,34122136,387509,Regional
VIC,3665,203,9727176,16327,Regional
VIC,3666,2750,123749484,481655,Regional
VIC,3669,791,32821963,113176,Regional
VIC,3670,334,14208839,1077650,Regional
VIC,3671,88,3957290,4908,Regional
VIC,3672,5542,255399588,655839,Regional
VIC,3673,1116,49669866,94913,Regional
VIC,3675,1152,50925694,71441,Regional
VIC,3676,214,10796498,24837,Regional
VIC,3677,10050,496885556,922874,Regional
VIC,3678,4023,194803502,389261,Regional
VIC,3682,346,16800480,15654,Regional
VIC,3683,1019,48442871,71683,Regional
VIC,3685,1701,86991423,26350337,Regional
VIC,3687,615,30075719,34721,Regional
VIC,3688,830,43494548,85513,Regional
VIC,3689,170,9244812,24275,Regional
VIC,3690,19508,982338190,1698336,Regional
VIC,3691,6280,340016046,590679,Regional
VIC,3694,75,4069698,11953,Regional
VIC,3695,319,13865100,31907,Regional
VIC,3697,334,14707376,52343,Regional
VIC,3698,551,25825965,41016,Regional
VIC,3699,705,28307494,82095,Regional
VIC,3700,863,36864227,53047,Regional
VIC,3701,614,27056985,48109,Regional
VIC,3705,163,6373755,5811,Regional
VIC,3707,1028,44006019,240103,Regional
VIC,3708,51,1912922,4556,Regional
VIC,3709,178,7029714,4712,Regional
VIC,3711,284,16725722,39240,Regional
VIC,3712,222,10651320,9213,Regional
VIC,3713,492,20697106,37838,Regional
VIC,3714,2085,95035205,180216,Regional
VIC,3715,172,5841246,9512,Regional
VIC,3717,1659,77423522,199746,Regional
VIC,3718,61,2673392,21756,Regional
VIC,3719,286,12643118,15641,Regional
VIC,3720,339,14318141,9480,Regional
VIC,3722,3120,146557470,416036,Regional
VIC,3723,1650,71078024,181090,Regional
VIC,3724,142,5991133,22239,Regional
VIC,3725,374,16934195,28365,Regional
VIC,3726,228,7845276,20541,Regional
VIC,3727,192,7779273,4930,Regional
VIC,3728,344,14380828,15920,Regional
VIC,3730,4920,230836558,462089,Regional
VIC,3732,361,14069436,118903,Regional
VIC,3733,133,5945279,8252,Regional
VIC,3735,418,18655015,37823,Regional
VIC,3737,2623,119055153,226269,Regional
VIC,3738,116,4876230,5210,Regional
VIC,3739,130,7854421,6138,Regional
VIC,3740,686,33976375,38989,Regional
VIC,3741,1988,91133242,150507,Regional
VIC,3744,237,11861487,6037982,Regional
VIC,3746,201,9304662,12456,Regional
VIC,3747,2805,137841459,324610,Regional
VIC,3749,1219,64541199,138856,Regional
VIC,3750,6855,354495828,672720,Regional
VIC,3751,132,6373362,6116,Regional
VIC,3752,14289,793843779,1617221,Regional
VIC,3753,1758,103156346,151240,Regional
VIC,3754,24511,1389422278,2754853,Regional
VIC,3755,153,8420175,14226,Regional
VIC,3756,7568,414776230,702622,Regional
VIC,3757,5200,294364786,407373,Regional
VIC,3758,1348,73963351,117283,Regional
VIC,3759,661,47112022,224162,Regional
VIC,3760,276,16561021,39981,Regional
VIC,3761,734,40422226,96056,Regional
VIC,3762,87,5651113,6784,Regional
VIC,3763,987,49863486,117407,Regional
VIC,3764,5211,286614794,614903,Regional
VIC,3765,4180,241488338,570285,Regional
VIC,3766,745,43691795,133071,Regional
VIC,3767,714,40331761,98332,Regional
VIC,3770,1946,155304920,842597,Regional
VIC,3775,2568,145356394,326250,Regional
VIC,3777,6229,317007273,583546,Regional
VIC,3778,125,4256484,9446,Regional
VIC,3779,289,10801140,56006,Regional
VIC,3781,2591,146921100,245617,Regional
VIC,3782,4917,302925700,4558482,Regional
VIC,3783,1435,79608344,177386,Regional
VIC,3786,968,64793359,136882,Regional
VIC,3787,665,43544774,80932,Regional
VIC,3788,1100,69744985,265588,Regional
VIC,3789,187,12796702,61309,Regional
VIC,3791,952,56786430,192678,Regional
VIC,3792,670,43955147,138978,Regional
VIC,3793,2118,109748325,313376,Regional
VIC,3795,928,52262130,128575,Regional
VIC,3796,5846,324719894,641521,Regional
VIC,3797,1969,99878416,159247,Regional
VIC,3799,3120,142771736,306292,Regional
VIC,3800,119,3642735,7882,Metro
VIC,3802,14030,693773022,1656071,Metro
VIC,3803,5801,270903655,639261,Metro
VIC,3804,5395,392394632,806998,Metro
VIC,3805,32354,1649683921,3607997,Metro
VIC,3806,29263,1856898615,3727317,Metro
VIC,3807,4640,315581259,579812,Metro
VIC,3808,1927,150509603,335751,Metro
VIC,3809,7327,419196140,568807,Regional
VIC,3810,27945,1427248468,2691072,Regional
VIC,3812,1564,87613852,226402,Regional
VIC,3813,553,30123011,45064,Regional
VIC,3814,1425,73489679,95456,Regional
VIC,3815,1847,94185388,103468,Regional
VIC,3816,1601,78776370,160188,Regional
VIC,3818,8317,404622315,826493,Regional
VIC,3820,10298,561139608,1423700,Regional
VIC,3821,1762,86077070,187060,Regional
VIC,3822,622,32452973,54854,Regional
VIC,3823,1200,58919686,144798,Regional
VIC,3824,2868,154082556,317839,Regional
VIC,3825,10118,517829878,1037519,Regional
VIC,3831,1046,51909527,116095,Regional
VIC,3832,128,5410686,9330,Regional
VIC,3833,181,6629555,9027,Regional
VIC,3835,353,17343304,26889,Regional
VIC,3840,7789,397460883,697910,Regional
VIC,3841,51,2992963,16217,Regional
VIC,3842,2260,113687498,213904,Regional
VIC,3844,16840,1008314901,1730241,Regional
VIC,3847,1179,55576710,91857,Regional
VIC,3850,8208,454874321,1228503,Regional
VIC,3851,2529,125172637,241880,Regional
VIC,3853,75,4570916,18855,Regional
VIC,3854,886,55185684,62921,Regional
VIC,3856,600,34875606,37808,Regional
VIC,3857,244,11418965,12072,Regional
VIC,3858,1608,76082709,109928,Regional
VIC,3859,478,19711921,25256,Regional
VIC,3860,4027,198954972,350924,Regional
VIC,3862,1861,91135049,149601,Regional
VIC,3864,106,4159950,8449,Regional
VIC,3865,301,12364211,15609,Regional
VIC,3869,1069,61807193,107856,Regional
VIC,3870,693,33039568,106361,Regional
VIC,3871,1570,76269188,156920,Regional
VIC,3873,206,9417593,19774,Regional
VIC,3874,342,15389373,18041,Regional
VIC,3875,10489,486171389,852959,Regional
VIC,3878,627,28486481,67583,Regional
VIC,3880,2079,92013614,403866,Regional
VIC,3882,631,28477034,50006,Regional
VIC,3885,1035,41356153,63660,Regional
VIC,3886,194,8235146,5468,Regional
VIC,3887,169,6092225,11651,Regional
VIC,3888,1695,73365920,115521,Regional
VIC,3889,79,2139278,2430,Regional
VIC,3890,158,7391163,14893,Regional
VIC,3891,67,2958210,5592,Regional
VIC,3892,599,26274280,56458,Regional
VIC,3895,119,3785700,35928,Regional
VIC,3896,230,11254235,15083,Regional
VIC,3898,429,19018966,34483,Regional
VIC,3900,103,3998428,2713,Regional
VIC,3902,233,8815154,17465,Regional
VIC,3903,401,20191548,24910,Regional
VIC,3904,924,40934201,125913,Regional
VIC,3909,4154,176143670,377278,Regional
VIC,3910,14176,805850948,1366574,Metro
VIC,3911,2063,112606585,196779,Metro
VIC,3912,9388,527286633,908313,Regional
VIC,3913,2247,133637975,250574,Regional
VIC,3915,5075,253986701,472381,Regional
VIC,3916,634,52145915,204383,Regional
VIC,3918,2393,127669335,217888,Regional
VIC,3919,1803,85715108,116576,Regional
VIC,3920,384,20713641,20921,Regional
VIC,3921,53,1736722,3572,Regional
VIC,3922,4736,209745895,593257,Regional
VIC,3923,379,18307685,50912,Regional
VIC,3925,2171,105852000,198361,Regional
VIC,3926,2221,155610865,504830,Regional
VIC,3927,1056,67209557,237384,Regional
VIC,3928,301,24503237,63742,Regional
VIC,3929,656,52999411,926369,Regional
VIC,3930,11589,942027106,5421567,Regional
VIC,3931,14711,857742321,3449995,Regional
VIC,3933,749,52807477,111479,Regional
VIC,3934,11553,762391844,1995102,Regional
VIC,3936,7112,392042550,1034560,Regional
VIC,3937,1100,83732372,1014825,Regional
VIC,3938,1938,103157874,548386,Regional
VIC,3939,8043,382159614,792266,Regional
VIC,3940,2243,96651669,457181,Regional
VIC,3941,7213,353301837,928643,Regional
VIC,3942,1505,91016839,241793,Regional
VIC,3943,1161,134658701,4488354,Regional
VIC,3944,470,54223688,8694407,Regional
VIC,3945,620,31536068,61373,Regional
VIC,3946,157,6749586,8548,Regional
VIC,3950,2679,123640052,259080,Regional
VIC,3951,628,26941752,38657,Regional
VIC,3953,4684,221027577,1289956,Regional
VIC,3954,255,12730446,27835,Regional
VIC,3956,1463,64521761,139773,Regional
VIC,3957,194,7493132,29702,Regional
VIC,3958,173,7052598,9300,Regional
VIC,3959,736,31384513,88821,Regional
VIC,3960,1465,64029672,257851,Regional
VIC,3962,512,21346939,29983,Regional
VIC,3964,81,3220353,5008,Regional
VIC,3965,94,3675883,3081,Regional
VIC,3966,296,11901303,10742,Regional
VIC,3967,77,3255755,5844,Regional
VIC,3971,2123,89422802,174039,Regional
VIC,3975,9228,489786724,1165932,Metro
VIC,3976,13386,602650334,1709053,Metro
VIC,3977,58372,3008407302,5663192,Metro
VIC,3978,12690,693634844,1268206,Regional
VIC,3979,223,9662599,21160,Regional
VIC,3980,2015,110990086,238612,Regional
VIC,3981,2834,146616923,306076,Regional
VIC,3984,3060,140971127,217374,Regional
VIC,3987,894,48077488,67913,Regional
VIC,3988,653,29434477,39200,Regional
VIC,3990,111,4987032,5945,Regional
VIC,3991,233,8681481,8345,Regional
VIC,3992,514,23766246,49792,Regional
VIC,3995,5406,228644019,552357,Regional
VIC,3996,3286,164139183,880238,Regional
VIC,8007,51,4771423,41042,Metro
